"id","user_id","menu_id","name","city","max_delivery_distance","max_delivery_time","address","created_at","updated_at"
1,11,1,Aleks's Restaurant 1,Plovdiv,,300,"11-ти август“ 5, Пловдив","2023-03-09 15:47:57","2023-03-09 15:47:57"
2,11,1,Aleks's Restaurant 2,Plovdiv,,600,"Peshtersko Shose 28а, Пловдив","2023-03-06 14:52:55","2023-03-06 14:52:55"
3,11,1,Aleks's Restaurant 3,Sofia,,100,"Стара Планина 5, София","2023-03-06 15:25:45","2023-03-06 15:25:45"
4,11,1,Aleks's Restaurant 4,Plovdiv,5,,"ул. Младежки Хълм, Пловдив","2023-03-06 15:43:42","2023-03-06 15:43:42"
5,12,3,Aleks's Restaurant,Plovdiv,3,,"ul. ""Yane Sandanski"" 20, Пловдив","2023-03-06 15:44:06","2023-03-06 15:44:06"
6,12,2,new restaurant,Plovdiv,9,,"ul. ""Zlatarska"" 7, Пловдив","2023-03-09 15:54:20","2023-03-09 15:54:20"
7,11,1,another restaurant,Plovdiv,7,,"ул. Ген.И.В.Гурко 10, Пловдив","2023-03-09 15:55:14","2023-03-09 15:55:14"
8,12,3,Test Restaurant Updated,Plovdiv,5,,"ul. ""Tsar Kaloyan"" 1А","2023-03-29 20:30:53","2023-03-29 20:30:53"
9,12,4,Some Restaurant in Ruse,Ruse,,500,,"2024-01-12 17:03:40","2024-01-12 17:03:40"
